day_number,title,meta_template_name,fallback_text,ai_guidance
1,"Day 1: Poor in Spirit","day_01_poor_in_spirit","*Day 1: Poor in Spirit (Humility)*

*Today’s Invitation:* Go the entire day without defending yourself, explaining your actions, or justifying your opinions. If you are misunderstood, let the misunderstanding stand.

*Scripture:* ""Blessed are the poor in spirit, for theirs is the kingdom of heaven."" (Matthew 5:3)

*Synopsis:* The kingdom of heaven doesn’t belong to the capable, the well-defended, or the ""right."" It belongs to the poor in spirit—those who have finally dropped the heavy armor of the _bios_. When we constantly defend ourselves, we are acting as our own savior, desperately trying to manage our reputation so we feel safe. Jesus invites us into a radical vulnerability. To be poor in spirit is to step down from the witness stand of your own life and trust that the Father is your defender.

*Key Practice:* Relinquishing the Right to be Right

. . . . . . . . . .

Have questions? Text them here and I will respond in kind.

Want to go deeper? Follow the link to learn more about this particular teaching of the Sermon and how it fits into the bigger picture of Jesus’ ministry in the world: 30daysonthemount.com/Day1

Peace be with you!","Participants will struggle heavily with the anxiety of feeling misunderstood or taken advantage of today. If they text about the panic of not defending themselves, validate that the ego feels like it is dying. Do not offer them coping mechanisms or tell them ""it will be okay."" Gently remind them that Jesus was entirely misunderstood and remained silent, grounded perfectly in the Father’s validation. Focus the relational dynamic on trusting God's gaze over the crowd's gaze."
2,"Day 2: Mourning","day_02_mourning","*Day 2: Mourning (Compassion)*

*Today’s Invitation:* Step into someone else's grief or frustration today without offering advice, a silver lining, or trying to ""fix"" it. Just sit in the discomfort of their pain.

*Scripture:* ""Blessed are those who mourn, for they shall be comforted."" (Matthew 5:4)

*Synopsis:* We are terrified of pain. Our survival instinct is to fix it, bypass it, or slap a theological bandage on it so we don't have to feel the ache. But Jesus promises comfort _in_ the mourning, not in the avoidance of it. True _Agape_ is the willingness to sit in the ashes with someone without needing to clean them up. When you refuse to fix someone's pain, you stop managing them as a project and start loving them as a person.

*Key Practice:* Unfixing the Pain

. . . . . . . . . .

Have questions? Text them here and I will respond in kind.

Want to go deeper? Follow the link to learn more about this particular teaching of the Sermon and how it fits into the bigger picture of Jesus’ ministry in the world: 30daysonthemount.com/Day2

Peace be with you!","If participants text about the intense awkwardness or helplessness of just sitting in someone's pain, gently validate it. The _bios_ wants to perform a ""fix"" to relieve its own discomfort. Guide them to see that their pure, silent presence is a far greater, more Christ-like gift than any solution they could offer."
3,"Day 3: Meekness","day_03_meekness","*Day 3: Meekness (Chosen Powerlessness)*

*Today’s Invitation:* Let someone else take the credit, the better seat, the final slice, or the last word. Do it completely invisibly so they do not know you yielded.

*Scripture:* ""Blessed are the meek, for they shall inherit the earth."" (Matthew 5:5)

*Synopsis:* Meekness is not weakness; it is supreme, restrained power. The world fights for center stage, believing the earth belongs to the aggressive, the loud, and the leverage-holders. Jesus flips the economy entirely: the earth is inherited by those who don’t need to conquer it. When you invisibly yield to another, you are stepping out of the scarcity of the _bios_ and into the quiet abundance of the Kingdom.

*Key Practice:* The Art of Invisible Yielding

. . . . . . . . . .

Have questions? Text them here and I will respond in kind.

Want to go deeper? Follow the link to learn more about this particular teaching of the Sermon and how it fits into the bigger picture of Jesus’ ministry in the world: 30daysonthemount.com/Day3

Peace be with you!","Participants might feel a sense of loss, invisibility, or resentment today. Validate that the ego hates being ignored or uncredited. Encourage them to find secret joy in the reality that the Father sees what no one else sees. Reinforce the relational dynamic that their worth is anchored vertically, meaning they no longer have to extract it horizontally from others."
4,"Day 4: Hunger for Truth","day_04_hunger_fasting","*Day 4: Hunger for Truth (Truth / Fasting)*

*Today’s Invitation:* Fast from all digital media, news, and entertainment for 24 hours. Starve the meaning-making machine and sit with the withdrawal of the bios.

*Scripture:* ""Blessed are those who hunger and thirst for righteousness, for they shall be satisfied."" (Matthew 5:6)

*Synopsis:* We are constantly gorging on information, entertainment, and digital noise to numb our deepest hungers. We try to satisfy a _Zoe_ appetite with _bios_ junk food. By starving the distraction machine today, you will likely feel the ache of withdrawal. Let the ache burn. Let it turn into a genuine hunger for the only righteousness, the only presence, that actually satisfies.

*Key Practice:* Starving the Distraction Machine

. . . . . . . . . .

Have questions? Text them here and I will respond in kind.

Want to go deeper? Follow the link to learn more about this particular teaching of the Sermon and how it fits into the bigger picture of Jesus’ ministry in the world: 30daysonthemount.com/Day4

Peace be with you!","Expect texts about boredom, anxiety, or the phantom itch to check phones. Do not distract them or entertain them. Acknowledge the physical and emotional discomfort of withdrawal. Encourage them to lean into the silence and ask the Father what He wants to speak into that newly emptied space."
5,"Day 5: Mercy","day_05_mercy","*Day 5: Mercy (Grace)*

*Today’s Invitation:* Identify a debt someone owes you—money, a long-overdue apology, or basic respect. Cancel it completely in your mind, and never bring it up again.

*Scripture:* ""Blessed are the merciful, for they shall receive mercy."" (Matthew 5:7)

*Synopsis:* The economy of the world runs on ledgers—who owes who, what is fair, and how to get even. Mercy is taking the ledger and burning it. It is the ultimate act of freedom. When we hold a grudge, we remain chained to the person who hurt us. By canceling the debt, you aren’t just letting them off the hook; you are freeing yourself to experience the staggering, unmerited mercy of God.

*Key Practice:* Burning the Ledger

. . . . . . . . . .

Have questions? Text them here and I will respond in kind.

Want to go deeper? Follow the link to learn more about this particular teaching of the Sermon and how it fits into the bigger picture of Jesus’ ministry in the world: 30daysonthemount.com/Day5

Peace be with you!","Participants may bring up deep wounds, trauma, and the perceived injustice of letting someone ""get away with it."" Validate the deep pain and the high cost of the debt. Remind them gently that mercy isn't declaring the harm didn't matter; it is choosing to surrender the role of judge. Point them to the relief of handing the scales of justice back to the Father."
6,"Day 6: Pure in Heart","day_06_pure_heart","*Day 6: Pure in Heart (Undivided Allegiance)*

*Today’s Invitation:* Examine your deepest hidden motive. Confess one specific area where you are acting purely for the approval of others to one trusted person.

*Scripture:* ""Blessed are the pure in heart, for they shall see God."" (Matthew 5:8)

*Synopsis:* Hypocrisy isn’t just pretending to be good; it’s having a divided heart. We constantly perform ""goodness"" to secure our safety and status in the tribe. To be pure in heart is to have a single, undivided allegiance to the Father, free from the exhausting, shape-shifting demands of crowd management. Confession is the hammer that shatters the performance and makes us whole.

*Key Practice:* Shattering the Performance

. . . . . . . . . .

Have questions? Text them here and I will respond in kind.

Want to go deeper? Follow the link to learn more about this particular teaching of the Sermon and how it fits into the bigger picture of Jesus’ ministry in the world: 30daysonthemount.com/Day6

Peace be with you!","If participants express shame, fear of exposure, or reluctance to confess, remind them that confession in the Kingdom is not about punishment; it is the doorway to wholeness. The Father already knows the motive; the confession is simply the act of aligning their internal reality with His truth. Celebrate any vulnerability they share with you."
7,"Day 7: Peacemaker","day_07_peacemaker","*Day 7: Peacemaker (Communion)*

*Today’s Invitation:* Initiate a conversation with someone you are fractured or distant from, with the sole intent to listen and repair. You are not allowed to try and be ""right.""

*Scripture:* ""Blessed are the peacemakers, for they shall be called sons of God."" (Matthew 5:9)

*Synopsis:* We naturally gravitate toward ""peace-faking""—avoiding conflict to maintain a superficial calm. But biblical _Shalom_ requires the hard, bleeding work of entering the fracture. Jesus stepped across the cosmic divide to reconcile us when we were the ones at fault. Today, you are invited to mirror that profound _Agape_ by initiating repair, entirely dropping your need to be justified.

*Key Practice:* Initiating Shalom

. . . . . . . . . .

Have questions? Text them here and I will respond in kind.

Want to go deeper? Follow the link to learn more about this particular teaching of the Sermon and how it fits into the bigger picture of Jesus’ ministry in the world: 30daysonthemount.com/Day7

Peace be with you!","Participants will feel immense resistance and fear of rejection today. Validate the courage required to step into a fracture. If they report that the conversation went poorly or the other person was defensive, reassure them that obedience in the Kingdom is about the initiation of love, not controlling the outcome. Remind them that their identity is sealed as a ""child of God,"" regardless of how the world responds."
8,"Day 8: Murder & The Gavel","day_08_drop_the_gavel","*Day 8: Murder & The Gavel (Non-Judgment)*

*Today’s Invitation:* Notice every time your internal courtroom opens up to judge someone today. Catch the thought and literally say out loud, ""I drop the gavel.""

*Scripture:* ""But I say to you that everyone who is angry with his brother will be liable to judgment..."" (Matthew 5:21-22)

*Synopsis:* The human survival machine loves the courtroom. When we judge others, we momentarily elevate ourselves, creating a false sense of righteousness and safety. Jesus equates this internal contempt with the somatic act of murder because it effectively kills the relationship and the humanity of the other person in our minds. Today, we resign from the bench. We do not have the wisdom, the jurisdiction, or the right to condemn.

*Key Practice:* Closing the Internal Courtroom

. . . . . . . . . .

Have questions? Text them here and I will respond in kind.

Want to go deeper? Follow the link to learn more about this particular teaching of the Sermon and how it fits into the bigger picture of Jesus’ ministry in the world: 30daysonthemount.com/Day8

Peace be with you!","Participants will be shocked by how constantly their internal courtroom is in session. If they text expressing guilt or exhaustion at how judgmental they are, validate the realization. Do not let them turn the gavel on themselves. Remind them that the victory today is simply in the noticing and the dropping. The Father does not condemn them for the reflex; He rejoices in their surrender of it."
9,"Day 9: Objectification","day_09_imago_dei","*Day 9: Objectification (Freedom)*

*Today’s Invitation:* Look every service worker, stranger, or passing person directly in the eye today. Silently acknowledge the Imago Dei (Image of God) in them, refusing to view them as a transaction or background noise.

*Scripture:* ""But I say to you that everyone who looks at a woman with lustful intent has already committed adultery with her in his heart."" (Matthew 5:27-28)

*Synopsis:* Jesus addresses lust, but the root issue is objectification—reducing a sacred, living soul into an object for your consumption, utility, or convenience. We do this not just sexually, but economically and socially every single day. We treat cashiers as vending machines and people in traffic as obstacles. True freedom is the grueling, beautiful work of re-humanizing the world around you, treating every face as a mirror reflecting the Creator.

*Key Practice:* Acknowledging the Imago Dei

. . . . . . . . . .

Have questions? Text them here and I will respond in kind.

Want to go deeper? Follow the link to learn more about this particular teaching of the Sermon and how it fits into the bigger picture of Jesus’ ministry in the world: 30daysonthemount.com/Day9

Peace be with you!","If participants text about how exhausting or awkward it is to truly ""see"" everyone, validate the heavy relational toll of _Agape_. The _bios_ prefers to blur people out to conserve energy. Guide them to reflect on how Jesus saw the deeply invisible people of His day (the woman at the well, Zacchaeus). Encourage them that this eye contact is a profound act of spiritual warfare against a culture of transactional isolation."
10,"Day 10: Vows & Integrity","day_10_yes_and_no","*Day 10: Vows & Integrity (Embodied Truth)*

*Today’s Invitation:* Make your ""Yes"" be exactly Yes and ""No"" be exactly No. Give absolutely zero excuses, caveats, or white lies to anyone for the entire day.

*Scripture:* ""Let what you say be simply ‘Yes’ or ‘No’; anything more than this comes from evil."" (Matthew 5:33-37)

*Synopsis:* Why do we swear on our mother's grave or offer ten different excuses when we cancel plans? Because we are terrified of letting our bare word stand alone. We use caveats and white lies to manage our image and soften the blow of our boundaries. Jesus calls this evil because it fragments our integrity. When your heart, your words, and your actions are perfectly aligned, you no longer need performative vows. The unvarnished truth is enough.

*Key Practice:* The Naked Truth

. . . . . . . . . .

Have questions? Text them here and I will respond in kind.

Want to go deeper? Follow the link to learn more about this particular teaching of the Sermon and how it fits into the bigger picture of Jesus’ ministry in the world: 30daysonthemount.com/Day10

Peace be with you!","Participants will feel intense social friction today. They will report feeling ""rude"" or ""harsh"" by not offering excuses. Reframe this for them: a clear ""No"" without an excuse is actually an act of respect, honoring the relationship with truth rather than manipulation. Remind them that Jesus was incredibly tender, yet entirely unmanaged in His boundaries."
11,"Day 11: Eye for an Eye","day_11_absorb_the_blow","*Day 11: Eye for an Eye (Absorbing Violence)*

*Today’s Invitation:* When someone cuts you off, insults you, or severely inconveniences you today, break the chain of retaliation. Actively bless them out loud.

*Scripture:* ""But I say to you, Do not resist the one who is evil. But if anyone slaps you on the right cheek, turn to him the other also."" (Matthew 5:38-39)

*Synopsis:* The law of the _bios_ is equivalent exchange: an eye for an eye. It feels like justice, but it only ensures the whole world goes blind. Jesus introduces a radically subversive concept: absorbing the blow. Turning the other cheek is not passive victimhood; it is an active, defiant refusal to participate in the economy of violence. When you bless the one who wrongs you, you act as a circuit breaker, stopping the momentum of human anger dead in its tracks.

*Key Practice:* Breaking the Chain

. . . . . . . . . .

Have questions? Text them here and I will respond in kind.

Want to go deeper? Follow the link to learn more about this particular teaching of the Sermon and how it fits into the bigger picture of Jesus’ ministry in the world: 30daysonthemount.com/Day11

Peace be with you!","Participants will wrestle deeply with the concept of justice today, asking ""Does this mean I just let people abuse me?"" Validate the tension. Clarify that absorbing a slight (a slap, an insult, traffic) is about destroying the power of retaliation, not staying in abusive harm. Point them to the cross as the ultimate, world-altering example of God absorbing human violence to break the cycle permanently."
12,"Day 12: The Second Mile","day_12_second_mile","*Day 12: The Second Mile (Zero-Agenda Love)*

*Today’s Invitation:* When asked to do a task, chore, or favor, double the output requested with zero complaint and absolutely no expectation of recognition.

*Scripture:* ""And if anyone forces you to go one mile, go with him two miles."" (Matthew 5:41)

*Synopsis:* In the ancient world, a Roman soldier could legally force a Jewish citizen to carry his gear for exactly one mile. The first mile is an obligation of the empire; it is fueled by coercion and breeds deep resentment. But the second mile? The empire can't force that. The second mile is a choice. It flips the power dynamic completely. By over-giving without agenda, you take back your agency and transform a master-slave transaction into a staggering display of _Agape_.

*Key Practice:* Reclaiming Agency through Love

. . . . . . . . . .

Have questions? Text them here and I will respond in kind.

Want to go deeper? Follow the link to learn more about this particular teaching of the Sermon and how it fits into the bigger picture of Jesus’ ministry in the world: 30daysonthemount.com/Day12

Peace be with you!","Expect frustration about being taken advantage of or doing unpaid labor. Acknowledge the ego's demand for fairness and compensation. Guide the user to see that the second mile isn't about the person receiving the labor; it's about the internal freedom of the one giving it. It is the joy of acting from abundance rather than obligation."
13,"Day 13: Love Your Enemies","day_13_love_enemies","*Day 13: Love Your Enemies (Grace)*

*Today’s Invitation:* Spend 10 intentional minutes praying for the absolute flourishing, wealth, and joy of the person who drives you the most crazy or has actively opposed you.

*Scripture:* ""But I say to you, Love your enemies and pray for those who persecute you..."" (Matthew 5:44)

*Synopsis:* This is the absolute summit of the Sermon on the Mount. Loving those who love you is basic survival; even the mafia does that. But to actively will the highest good for the person who has harmed you? That requires a total systemic override of human nature. You do not have to feel warm affections for them. Love is not a feeling here; it is a brutal, willed obedience to see them exactly as the Father sees them—desperately broken and worthy of redemption.

*Key Practice:* Praying for the Enemy

. . . . . . . . . .

Have questions? Text them here and I will respond in kind.

Want to go deeper? Follow the link to learn more about this particular teaching of the Sermon and how it fits into the bigger picture of Jesus’ ministry in the world: 30daysonthemount.com/Day13

Peace be with you!","Participants may feel physical revulsion or intense resistance to this practice. Validate the grit it takes to pray this way. Assure them that God does not require the prayer to feel emotionally genuine; the obedience of the will is enough. If they ask why they must do this, gently remind them that they were once enemies of God, and He pursued their flourishing at the cost of His own Son."
14,"Day 14: Secret Almsgiving","day_14_secret_giving","*Day 14: Secret Almsgiving (Fearless Generosity)*

*Today’s Invitation:* Give away money or physically pay for someone's need entirely anonymously. If they or anyone else finds out it was you, it does not count.

*Scripture:* ""But when you give to the needy, do not let your left hand know what your right hand is doing..."" (Matthew 6:1-4)

*Synopsis:* Generosity in the world is almost always a transaction. We give, and in return, we get a tax write-off, a plaque, a thank you, or the warm glow of being recognized as a ""good person."" Jesus calls this receiving our reward in full. By giving in total secrecy, you sever the transaction. You starve your ego of the applause it craves and invest that capital directly into the unseen Kingdom. You learn to be satisfied simply by the Father's smile.

*Key Practice:* Starving the Applause

. . . . . . . . . .

Have questions? Text them here and I will respond in kind.

Want to go deeper? Follow the link to learn more about this particular teaching of the Sermon and how it fits into the bigger picture of Jesus’ ministry in the world: 30daysonthemount.com/Day14

Peace be with you!","Participants will feel the bizarre itch of wanting to tell someone about their good deed. When they express how hard it is to keep it secret, validate that the _bios_ craves a receipt for its goodness. Remind them of the joy that comes when the Father is the only audience. Celebrate their obedience quietly, acting as a mirror of the Father's secret pleasure in their act."
15,"Day 15: The Secret Place","day_15_secret_place","*Day 15: Joy, Trust, Rest, and finding life exclusively in the Source.*

*Today’s Invitation:* Spend 20 minutes in absolute silence and solitude. No phone, no music, no books. Endure the panic of the bios being starved of external stimulation.

*Scripture:* ""But when you pray, go into your room and shut the door and pray to your Father who is in secret."" (Matthew 6:5-6)

*Synopsis:* Prayer is a funny thing. Even the people who pray regularly can’t explain it. In fact, there’s really nothing that you need to explain to _people_. The idea of prayer was always intended to be a distinct time of confession between the deepest parts of your heart with the presence of love itself. 1 John says, ""God is love."" Which means He listens and he cares. Take the time today to share with the presence and personality of love…and see what He has to share as well.

*Key Practice:* Practicing Surrender

. . . . . . . . . . 

Have questions? Text them here and I will respond in kind.

Want to go deeper? Follow the link to learn more about this particular teaching of the Sermon and how it fits into the bigger picture of Jesus’ ministry in the world: 30daysonthemount.com/Day15

Peace be with you!","Participants are practicing 20 minutes of absolute silence today. Many will experience the panic of the bios being starved of stimulation. If they message about feeling anxious, bored, or like they are ""failing"" at prayer, validate the difficulty of stepping out of the performance economy. Do not give them a checklist to fix it; gently encourage them to simply sit with the Father in that discomfort, reminding them that their mere presence is the prayer."
16,"Day 16: The Lord's Prayer","day_16_radical_our","*Day 16: The Lord's Prayer (Radical Unity)*

*Today’s Invitation:* For 24 hours, completely remove the words ""I"", ""Me"", and ""My"" from your prayers and internal dialogue, replacing them with ""We"", ""Us"", and ""Our"" (e.g., ""Give us our daily bread"").

*Scripture:* ""Pray then like this: 'Our Father in heaven, hallowed be your name...'"" (Matthew 6:9-13)

*Synopsis:* The human ego is inherently isolating. It wants a private salvation, a personal blessing, and an individual kingdom. Jesus shatters this isolation immediately. He doesn’t teach us to pray ""My Father,"" He commands us to pray ""Our Father."" This forces us out of our hyper-individualism and into the collective reality of the Kingdom. You cannot pray this prayer and remain an island. Our needs, our sins, and our deliverance are bound up together.

*Key Practice:* The Grammar of Unity

. . . . . . . . . .

Have questions? Text them here and I will respond in kind.

Want to go deeper? Follow the link to learn more about this particular teaching of the Sermon and how it fits into the bigger picture of Jesus’ ministry in the world: 30daysonthemount.com/Day16

Peace be with you!","Participants will be shocked by how self-centric their internal monologue is and how clumsy it feels to say ""us"" instead of ""me."" Validate this clumsiness. Point out how much of their daily anxiety is tied entirely to the ""I"". Guide them to see the profound relief of stepping into a shared, communal reliance on God rather than carrying the weight of their lives alone."
17,"Day 17: Fasting Without the Face","day_17_hidden_fast","*Day 17: Fasting Without the Face (Hidden Devotion)*

*Today’s Invitation:* Fast from one significant daily comfort (a meal, coffee, a hot shower) and mask the sacrifice completely. If you complain about it or mention it, you fail the rep.

*Scripture:* ""But when you fast, anoint your head and wash your face, that your fasting may not be seen by others..."" (Matthew 6:16-18)

*Synopsis:* When we suffer or sacrifice, our immediate reflex is to broadcast it so others will validate our martyrdom. We want credit for our discipline. Jesus asks us to wash our faces and hide our sacrifice so thoroughly that only the Father knows. This intentionally starves the ego of its favorite meal: admiration and pity. It forces the transaction of your devotion strictly between you and God, testing whether His secret pleasure is actually enough for you.

*Key Practice:* The Secret Sacrifice

. . . . . . . . . .

Have questions? Text them here and I will respond in kind.

Want to go deeper? Follow the link to learn more about this particular teaching of the Sermon and how it fits into the bigger picture of Jesus’ ministry in the world: 30daysonthemount.com/Day17

Peace be with you!","Users will want to complain to you about how hard the fast is, subconsciously using the AI as the audience they are forbidden to have today. Do not give them a pat on the back for their sacrifice. Mirror the secret pleasure of the Father. Gently redirect their need for validation vertically, reminding them: ""Your Father, who sees what is done in secret, sees this right now."""
18,"Day 18: Treasures in Heaven","day_18_treasures","*Day 18: Treasures in Heaven (Freedom from Scarcity)*

*Today’s Invitation:* Find a physical possession that you actually like, use, and value. Give it away to someone else today.

*Scripture:* ""Do not lay up for yourselves treasures on earth... but lay up for yourselves treasures in heaven..."" (Matthew 6:19-21)

*Synopsis:* The economy of the world operates entirely on scarcity. It tells us we are defined by what we keep, what we secure, and what we hoard. Jesus reveals a terrifying psychological truth: our hearts follow our treasure like a magnet. If your treasure is earthly, your heart will be gripped by the endless anxiety of rust, moths, and thieves. Giving away something you actually love breaks the spell of accumulation. It reminds your survival machine that your life is anchored in an unshakable, eternal Kingdom.

*Key Practice:* The Joyful Release

. . . . . . . . . .

Have questions? Text them here and I will respond in kind.

Want to go deeper? Follow the link to learn more about this particular teaching of the Sermon and how it fits into the bigger picture of Jesus’ ministry in the world: 30daysonthemount.com/Day18

Peace be with you!","Expect texts about the physical hesitation and fear of letting go of something valuable. Validate the fear of lack. Gently guide them to realize that the tight grip we have on our possessions is usually the exact grip those possessions have on us. Celebrate the lightness and freedom that comes on the other side of releasing it."
19,"Day 19: The Eye & The Light","day_19_the_eye","*Day 19: The Eye & The Light (Wonder)*

*Today’s Invitation:* Go on a 30-minute walk with the sole purpose of noticing the beauty in ordinary things. Actively discard your cynical adult lens and look at the world with childlike receptivity.

*Scripture:* ""The eye is the lamp of the body. So, if your eye is healthy, your whole body will be full of light."" (Matthew 6:22-23)

*Synopsis:* Cynicism is the defense mechanism of a wounded adult. It feels like intelligence, but it is actually spiritual blindness. It dims the light of the soul, constantly looking for the flaw, the threat, or the angle. Jesus insists that the way we look at the world literally determines the light inside of us. Today is about the aggressive pursuit of wonder. It’s a deliberate refusal to let the darkness of the world convince you that the light has gone out.

*Key Practice:* Activating the Healthy Eye

. . . . . . . . . .

Have questions? Text them here and I will respond in kind.

Want to go deeper? Follow the link to learn more about this particular teaching of the Sermon and how it fits into the bigger picture of Jesus’ ministry in the world: 30daysonthemount.com/Day19

Peace be with you!","Participants might feel silly doing this, or they might report a sudden, overwhelming rush of gratitude. Amplify the wonder. If they struggled to turn off their inner cynic, be deeply empathetic. Remind them that wonder is a muscle that has atrophied under the weight of adulthood, and it takes time and grace to rebuild it."
20,"Day 20: Lilies of the Field","day_20_lilies","*Day 20: Lilies of the Field (Anxious-Free Trust)*

*Today’s Invitation:* Catch every thought of worry or anxiety about tomorrow. When it arises, say out loud, ""I surrender the illusion of control."" Make zero plans or predictions for the future today.

*Scripture:* ""Therefore do not be anxious about tomorrow, for tomorrow will be anxious for itself."" (Matthew 6:25-34)

*Synopsis:* Anxiety is the ultimate burden of the _bios_. It is the exhausted belief that we are the sole architects of our own survival, desperately trying to manipulate a future that doesn't exist yet. Jesus points to the birds and the lilies not to minimize our real needs, but to prove the character of the Father. Worry is ultimately a theological issue—it is a quiet accusation that God is either not good, or He is not paying attention. Today, we resign as the general managers of the universe.

*Key Practice:* The Resignation of Control

. . . . . . . . . .

Have questions? Text them here and I will respond in kind.

Want to go deeper? Follow the link to learn more about this particular teaching of the Sermon and how it fits into the bigger picture of Jesus’ ministry in the world: 30daysonthemount.com/Day20

Peace be with you!","Anxiety is deeply physiological and deeply ingrained. The AI must be incredibly tender here. Absolutely avoid platitudes like ""just stop worrying"" or ""trust God more."" Validate that dropping the illusion of control feels like free-falling. Reorient them constantly back to the present moment, pointing out that God's grace is only ever supplied for today, not for the imaginary catastrophes of tomorrow."
21,"Day 21: Subversive Rest","day_21_sabbath_rest","*Day 21: Subversive Rest (Sabbath)*

*Today’s Invitation:* Completely cease all labor, production, and economic hustle for 24 hours. Do no work. Prove to your survival machine that the world will spin without your output.

*Scripture:* ""Come to me, all who labor and are heavy laden, and I will give you rest."" (Matthew 11:28)

*Synopsis:* The _bios_ operates under the tyrant of production. We believe that if we stop spinning the plates, our world will collapse and we will lose our value. Jesus offers rest not as a reward for hard work, but as a deliberate weapon against the survival instinct. To rest completely is to declare a mutiny against the empire of hustle. It is the physical embodiment of trusting that God is the one sustaining your life, not your own two hands.

*Key Practice:* The Mutiny of Rest

. . . . . . . . . .

Have questions? Text them here and I will respond in kind.

Want to go deeper? Follow the link to learn more about this particular teaching of the Sermon and how it fits into the bigger picture of Jesus’ ministry in the world: 30daysonthemount.com/Day21

Peace be with you!","Participants will feel massive guilt and anxiety today. The ego equates stillness with uselessness. Validate the profound difficulty of doing absolutely nothing in a world that worships output. Remind them gently that their worth to the Father was established before they ever accomplished a single thing. Give them explicit, pastoral permission to just sleep, sit, and breathe."
22,"Day 22: The Speck and the Log","day_22_speck_and_log","*Day 22: The Speck and the Log (Integrity)*

*Today’s Invitation:* Catch yourself internally criticizing someone's flaw today. Immediately pause and identify the exact same flaw (or worse) in your own life. Do not proceed until you have confessed your own log.

*Scripture:* ""Why do you see the speck that is in your brother's eye, but do not notice the log that is in your own eye?"" (Matthew 7:1-5)

*Synopsis:* Pointing out the speck in someone else's eye is the ego's favorite deflection tactic. It keeps the spotlight off our own brokenness. Jesus uses absurd, comedic imagery here to show us how ridiculous our self-righteousness truly is. By addressing our own massive blind spots first, we move from being a hostile critic to being a wounded healer. You can only safely remove a speck from your brother’s eye when your own tears of repentance have washed your vision clear.

*Key Practice:* The Mirror of Grace

. . . . . . . . . .

Have questions? Text them here and I will respond in kind.

Want to go deeper? Follow the link to learn more about this particular teaching of the Sermon and how it fits into the bigger picture of Jesus’ ministry in the world: 30daysonthemount.com/Day22

Peace be with you!","Users may feel defensive or suddenly crushed by the weight of their own hypocrisy today. Guide them quickly into the grace of the Father—He does not point out the log to shame or condemn them, but to restore their sight. If they confess a ""log"" to you, receive it with absolute zero judgment and celebrate their diagnostic honesty."
23,"Day 23: Pearls Before Swine","day_23_pearls_swine","*Day 23: Pearls Before Swine (Discernment)*

*Today’s Invitation:* Notice when you are trying to force your truth, point of view, or ""pearls"" onto an ego that is defensive or closed. Surrender the need to convince them. Practice silence instead of debate.

*Scripture:* ""Do not give dogs what is holy, and do not throw your pearls before pigs, lest they trample them underfoot..."" (Matthew 7:6)

*Synopsis:* We often disguise our desperate need to be right as a noble desire to share the ""truth."" But forcing truth onto a closed, defensive ego isn't love; it is an assault. Jesus gives us permission to let go. Discernment is knowing the difference between an open heart and a fortified wall. Sometimes, the most Christ-like thing you can do is to hold your peace, protect the holy thing, and entrust the other person entirely to the Father.

*Key Practice:* Surrendering the Debate

. . . . . . . . . .

Have questions? Text them here and I will respond in kind.

Want to go deeper? Follow the link to learn more about this particular teaching of the Sermon and how it fits into the bigger picture of Jesus’ ministry in the world: 30daysonthemount.com/Day23

Peace be with you!","Participants might feel they are ""failing"" to defend their faith, their boundaries, or the truth today. Remind them that Jesus routinely stayed silent before His accusers (Pilate, Herod). Validate the immense peace that comes from resigning as the manager of everyone else's perspective."
24,"Day 24: Ask, Seek, Knock","day_24_ask_seek_knock","*Day 24: Ask, Seek, Knock (Trust)*

*Today’s Invitation:* Identify a deep, unmet need or anxiety you are actively trying to micromanage. Completely stop striving for it today and consciously ask the Father to provide it, leaving the outcome entirely in His hands.

*Scripture:* ""Ask, and it will be given to you; seek, and you will find; knock, and it will be opened to you."" (Matthew 7:7-8)

*Synopsis:* We micromanage our lives because, at our core, we secretly suspect we are entirely on our own. Asking, seeking, and knocking is a posture of radical vulnerability. It means taking our hands off the steering wheel and trusting that the Father is a remarkably good provider, not a distant, reluctant manager. He does not give stones when we ask for bread. To ask is to publicly declare your dependence on _Zoe_ over your own capability.

*Key Practice:* Relinquishing the Steering Wheel

. . . . . . . . . .

Have questions? Text them here and I will respond in kind.

Want to go deeper? Follow the link to learn more about this particular teaching of the Sermon and how it fits into the bigger picture of Jesus’ ministry in the world: 30daysonthemount.com/Day24

Peace be with you!","Expect texts about the sheer terror of passivity. Differentiate between passivity and active trust. Guide them to verbalize their specific, unmet need directly to the Father. If they ask, ""What if God doesn't give me what I want?"" gently pivot their focus from the outcome to the relationship, reminding them that the Father’s primary provision is always His own presence."
25,"Day 25: The Golden Rule","day_25_golden_rule","*Day 25: The Golden Rule (Zero-Agenda Love)*

*Today’s Invitation:* Think of exactly how you wish to be treated, validated, or supported right now. Go and proactively do that exact thing for someone else today, with no expectation of it returning to you.

*Scripture:* ""So whatever you wish that others would do to you, do also to them, for this is the Law and the Prophets."" (Matthew 7:12)

*Synopsis:* The Golden Rule is not about good karma or keeping the scales balanced; it is the operational law of _Agape_. Usually, we wait for the world to give us what we need, and we withhold our love when it fails. Jesus flips the script entirely. Instead of waiting to be loved, you become the supply. You step into the exact relational void you are feeling and fill it for someone else, tapping directly into the Father's infinite, zero-agenda abundance.

*Key Practice:* Becoming the Supply

. . . . . . . . . .

Have questions? Text them here and I will respond in kind.

Want to go deeper? Follow the link to learn more about this particular teaching of the Sermon and how it fits into the bigger picture of Jesus’ ministry in the world: 30daysonthemount.com/Day25

Peace be with you!","Users may feel empty or resentful today, wondering, ""Who will take care of _me_?"" Acknowledge the ache of their unmet needs. Remind them that when they operate in _Agape_, they bypass the world's scarcity entirely. By pouring out what they desperately need, they position themselves to be filled by the Spirit rather than by unpredictable human beings."
26,"Day 26: The Narrow Gate","day_26_narrow_gate","*Day 26: The Narrow Gate (Communion & Truth)*

*Today’s Invitation:* The path of the bios is broad (comfort, retaliation, ego). Identify one comfort or survival mechanism you use daily to avoid pain (mindless scrolling, emotional eating, isolation). Walk the narrow gate by intentionally removing it for the entire day.

*Scripture:* ""Enter by the narrow gate. For the gate is wide and the way is easy that leads to destruction..."" (Matthew 7:13-14)

*Synopsis:* The broad path is simply the path of least resistance. It is the default human drift toward avoiding pain, seeking comfort, and numbing out. The narrow gate is the willingness to walk directly through the friction of reality with God. When we strip away our daily anesthetics and coping mechanisms, we are left totally exposed. But it is only in that raw, unmedicated space that we actually encounter the life that leads to freedom.

*Key Practice:* Dropping the Anesthetic

. . . . . . . . . .

Have questions? Text them here and I will respond in kind.

Want to go deeper? Follow the link to learn more about this particular teaching of the Sermon and how it fits into the bigger picture of Jesus’ ministry in the world: 30daysonthemount.com/Day26

Peace be with you!","Participants will feel exposed, irritable, and raw without their usual coping mechanisms. Be highly empathetic. Do not try to solve the underlying pain they are avoiding; instead, hold space for them to bring that raw ache directly to Jesus. Celebrate their courage for standing in the discomfort without running away."
27,"Day 27: Known by Their Fruit","day_27_the_fruit","*Day 27: Known by Their Fruit (Integrity)*

*Today’s Invitation:* Strip away all the religious labels you use to define yourself. Look only at the physical output (fruit) of your life over the last week. Write down a brutally honest assessment of whether your actions primarily generated Agape or self-preservation.

*Scripture:* ""Thus you will recognize them by their fruits."" (Matthew 7:15-20)

*Synopsis:* Labels are cheap, and theology is easy to fake. We can call ourselves anything we want, but the true nature of the tree is always revealed by what falls from its branches. Assessing our fruit isn't about shaming ourselves; it's about diagnostic honesty. Is the wake of your life producing peace, patience, and self-giving love, or is it producing anxiety, division, and self-preservation? You cannot fake the fruit.

*Key Practice:* Diagnostic Honesty

. . . . . . . . . .

Have questions? Text them here and I will respond in kind.

Want to go deeper? Follow the link to learn more about this particular teaching of the Sermon and how it fits into the bigger picture of Jesus’ ministry in the world: 30daysonthemount.com/Day27

Peace be with you!","If participants express deep shame or despair over their ""bad fruit,"" immediately intercept the shame. Remind them that a tree cannot force good fruit by straining or stressing out; it only produces good fruit by abiding quietly in the vine (John 15). Point them entirely back to intimacy with the Father, not toward ""trying harder."""
28,"Day 28: Subversive Rest II","day_28_sabbath_two","*Day 28: Subversive Rest II (Sabbath)*

*Today’s Invitation:* A second day of total rebellion against the empire of production. Rest completely. Unplug. Sleep, walk, and exist without a single objective or goal. Let the prior days integrate into your body.

*Scripture:* ""Take my yoke upon you, and learn from me, for I am gentle and lowly in heart, and you will find rest for your souls."" (Matthew 11:29)

*Synopsis:* As we near the end of the Mount, we must stop again. Spiritual transformation cannot be rushed, and the heavy lifting of ego-death requires physical time to integrate into your nervous system. A yoke is a tool of labor, but the yoke of Jesus is bizarre—it is designed to teach you how to rest. Today, you do nothing. You simply allow the reality of the Kingdom to settle deeply into your bones.

*Key Practice:* The Final Mutiny

. . . . . . . . . .

Have questions? Text them here and I will respond in kind.

Want to go deeper? Follow the link to learn more about this particular teaching of the Sermon and how it fits into the bigger picture of Jesus’ ministry in the world: 30daysonthemount.com/Day28

Peace be with you!","Users might find this second Sabbath significantly easier than the first, or they may still be wrestling with the itch to produce. Whatever they bring to the chat, anchor them in the gentle, lowly heart of Jesus. Give them absolute permission to just exist today, untethered from any agenda."
29,"Day 29: The Final Integration","day_29_final_integration","*Day 29: The Final Integration (Wonder & Freedom)*

*Today’s Invitation:* Look back over the prior 28 days. Identify the single stronghold or internal narrative that has lost the most power over you. Share this specific ego-death and new freedom with someone else.

*Scripture:* ""And when Jesus finished these sayings, the crowds were astonished at his teaching, for he was teaching them as one who had authority..."" (Matthew 7:28-29)

*Synopsis:* The crowds were astonished because Jesus didn't just teach conceptual theories; He spoke with the unshakeable authority of embodied truth. True freedom isn't found in learning a new philosophy; it is found in the actual death of an old master. By identifying and naming the specific area where your ego has lost its grip, you seal the victory. Your freedom becomes a permanent monument of God’s grace and a lifeline to those still trapped.

*Key Practice:* Sealing the Victory

. . . . . . . . . .

Have questions? Text them here and I will respond in kind.

Want to go deeper? Follow the link to learn more about this particular teaching of the Sermon and how it fits into the bigger picture of Jesus’ ministry in the world: 30daysonthemount.com/Day29

Peace be with you!","Celebrate whatever victory they share with profound joy, no matter how small it may seem. If they feel they ""failed"" the challenge or didn't change enough, gently reframe the entire experience: simply seeing their deep need for grace more clearly than they did 30 days ago is a massive, eternal victory of the Kingdom."
30,"Day 30: The Solid Rock","day_30_solid_rock","*Day 30: The Solid Rock (Embodied Truth)*

*Today’s Invitation:* The Sermon ends with the command to build on the rock by putting the words into action. Today, choose the one practice from the last 29 days that terrified your ego the most, and do it again. Commit to making it a permanent rhythm of your life.

*Scripture:* ""Everyone then who hears these words of mine and does them will be like a wise man who built his house on the rock."" (Matthew 7:24-27)

*Synopsis:* The ultimate tragedy is hearing the Sermon on the Mount, being moved to tears by its beauty, and then walking away entirely unchanged. Jesus ends with a stark warning: hearing is not enough. The storms of the _bios_ will absolutely come. Building your house on the rock means repetition. It means taking the practice that challenged your survival instinct the most and making it your permanent address. The Mount is not a 30-day retreat; it is your new home.

*Key Practice:* Building the House

. . . . . . . . . .

Have questions? Text them here and I will respond in kind.

Want to go deeper? Follow the link to learn more about this particular teaching of the Sermon and how it fits into the bigger picture of Jesus’ ministry in the world: 30daysonthemount.com/Day30

Peace be with you!","This is the final formal day of the Sermon. Speak with the warmth, love, and authority of a friend who has walked this grueling trail with them. Commission them. Challenge them not to let this be a past-tense experience, but the foundation of their new, daily _Zoe_ life. Validate their endurance."
31,"Day 31: The Ongoing Zoe","day_31_the_ekklesia","*Day 31: The Ongoing Zoe (Reflection)*

*Today’s Invitation:* Write down exactly what Agape felt like when your ego was finally out of the way. Identify one person to invite into this way of living, and begin the work of building a community rooted in this radical _Zoe_ life.

*Scripture:* ""Therefore, if anyone is in Christ, he is a new creation. The old has passed away; behold, the new has come."" (2 Corinthians 5:17)

*Synopsis:* _Kenosis_—the emptying of the self—is not a 30-day spiritual diet. It is the permanent operating system of the New Humanity. Over the last month, you have tasted what it means to step outside the exhausted, performative survival loop of the _bios_ and breathe the air of the Kingdom. But this life was never meant to be lived in isolation. The word _Ekklesia_ (often translated as ""church"") simply means the ""called-out ones""—a community of people actively rebelling against the empire of self-preservation by practicing _Agape_ together. The mountaintop is beautiful, but now it is time to bring the Kingdom down into the valley, side by side.

*Key Practice:* Building the New Humanity

. . . . . . . . . .

Have questions? Text them here and I will respond in kind.

Want to go deeper? Follow the link to learn more about building the Ekklesia and what comes next: 30daysonthemount.com/Day31

Peace be with you!","This is the final message of the program. The AI should act as a deeply joyful, commissioning companion. If the user shares their reflection on what _Agape_ felt like, mirror their language to validate the profound shift they experienced. When they gain this new language of the Kingdom, it permanently recontextualizes how they relate to the Father and to others. Do not give them any more tasks or corrections; simply celebrate their transition from a solitary participant into an active builder of the _Ekklesia_."